,Env_word_freq,Crypto_word_freq
"(10835, 'news')",0.21,0.12
"(2658, 'change')",0.20,0.03
"(11379, 'org')",0.18,0.02
"(10818, 'new')",0.11,0.13
"(874, 'article')",0.11,0.03
"(17569, 'world')",0.10,0.05
"(17732, 'year')",0.08,0.05
"(7103, 'global')",0.08,0.02
"(13881, 'say')",0.07,0.06
"(7539, 'have')",0.07,0.12
"(12297, 'power')",0.06,0.02
"(1839, 'blog')",0.06,0.02
"(16805, 'use')",0.05,0.12
"(14971, 'state')",0.05,0.02
"(9768, 'make')",0.05,0.08
"(15950, 'time')",0.04,0.08
"(7632, 'help')",0.04,0.05
"(11824, 'people')",0.04,0.08
"(1528, 'big')",0.04,0.05
"(13321, 'report')",0.04,0.02
"(8924, 'just')",0.04,0.11
"(12055, 'plan')",0.04,0.02
"(3298, 'company')",0.04,0.04
"(17296, 'way')",0.03,0.05
"(10749, 'need')",0.03,0.06
"(4301, 'day')",0.03,0.06
"(2761, 'china')",0.03,0.02
"(8314, 'industry')",0.03,0.02
"(2264, 'business')",0.03,0.03
"(14726, 'source')",0.03,0.04
"(17272, 'watch')",0.03,0.05
"(9356, 'level')",0.03,0.01
"(13557, 'rise')",0.03,0.02
"(17231, 'want')",0.03,0.07
"(1232, 'ban')",0.03,0.02
"(9068, 'know')",0.03,0.08
"(7212, 'government')",0.03,0.02
"(1185, 'bad')",0.03,0.02
"(7275, 'great')",0.03,0.03
"(12544, 'project')",0.03,0.07
"(17773, 'youtube')",0.03,0.05
"(9197, 'large')",0.03,0.02
"(9393, 'life')",0.02,0.01
"(6846, 'future')",0.02,0.05
"(7680, 'high')",0.02,0.03
"(16848, 'utm')",0.02,0.03
"(10800, 'net')",0.02,0.02
"(17039, 'video')",0.02,0.02
"(15863, 'think')",0.02,0.07
"(17558, 'work')",0.02,0.05
"(15060, 'stop')",0.02,0.02
"(9262, 'lead')",0.02,0.01
"(12659, 'public')",0.02,0.02
"(9440, 'link')",0.02,0.03
"(3247, 'come')",0.02,0.05
"(7335, 'group')",0.02,0.02
"(3691, 'country')",0.02,0.01
"(12266, 'post')",0.02,0.05
"(13559, 'risk')",0.02,0.01
"(9589, 'look')",0.02,0.07
"(13353, 'research')",0.02,0.02
"(3661, 'cost')",0.02,0.01
"(14305, 'show')",0.02,0.01
"(7024, 'get')",0.02,0.05
"(13533, 'right')",0.02,0.04
"(11325, 'opinion')",0.02,0.02
"(15488, 'take')",0.02,0.02
"(13705, 'rule')",0.02,0.02
"(8730, 'issue')",0.02,0.02
"(5604, 'end')",0.02,0.02
"(7175, 'good')",0.02,0.05
"(12492, 'problem')",0.02,0.02
"(13224, 'release')",0.02,0.03
"(8258, 'increase')",0.02,0.02
"(16374, 'turn')",0.02,0.01
"(5064, 'don')",0.02,0.05
"(14440, 'site')",0.02,0.02
"(15588, 'technology')",0.02,0.04
"(6703, 'free')",0.02,0.03
"(9629, 'low')",0.02,0.03
"(15861, 'thing')",0.02,0.04
"(15500, 'talk')",0.02,0.02
"(14147, 'set')",0.02,0.02
"(14961, 'start')",0.01,0.05
"(17361, 'well')",0.01,0.02
"(16332, 'try')",0.01,0.04
"(7338, 'grow')",0.01,0.01
"(3760, 'create')",0.01,0.03
"(10035, 'medium')",0.01,0.09
"(9765, 'major')",0.01,0.02
"(2352, 'call')",0.01,0.02
"(8278, 'index')",0.01,0.01
"(9576, 'long')",0.01,0.03
"(14198, 'share')",0.01,0.03
"(3291, 'community')",0.01,0.04
"(11242, 'old')",0.01,0.01
"(15312, 'support')",0.01,0.03
"(4270, 'data')",0.01,0.03
"(12794, 'question')",0.01,0.04
"(12978, 'really')",0.01,0.03
"(15548, 'tax')",0.01,0.02
"(10395, 'money')",0.01,0.07
"(9345, 'less')",0.01,0.01
"(6289, 'feature')",0.01,0.02
"(11208, 'official')",0.01,0.01
"(17343, 'week')",0.01,0.03
"(1489, 'best')",0.01,0.05
"(10248, 'mining')",0.01,0.04
"(13710, 'run')",0.01,0.02
"(8045, 'idea')",0.01,0.02
"(7721, 'hit')",0.01,0.01
"(12509, 'product')",0.01,0.02
"(9349, 'let')",0.01,0.03
"(10425, 'month')",0.01,0.03
"(9490, 'live')",0.01,0.02
"(16003, 'today')",0.01,0.03
"(12046, 'place')",0.01,0.02
"(2047, 'break')",0.01,0.01
"(14680, 'solution')",0.01,0.02
"(9610, 'lose')",0.01,0.02
"(12965, 'real')",0.01,0.03
"(12432, 'price')",0.01,0.09
"(12146, 'point')",0.01,0.02
"(14058, 'see')",0.01,0.02
"(11740, 'pay')",0.01,0.03
"(15885, 'thought')",0.01,0.03
"(7077, 'give')",0.01,0.02
"(14547, 'small')",0.01,0.02
"(2485, 'case')",0.01,0.02
"(14145, 'service')",0.01,0.03
"(6811, 'fund')",0.01,0.03
"(9998, 'mean')",0.01,0.02
"(5933, 'event')",0.01,0.04
"(15682, 'test')",0.01,0.01
"(3529, 'content')",0.01,0.01
"(9210, 'late')",0.01,0.01
"(2861, 'claim')",0.01,0.01
